{"stats":{"minecraft:picked_up":{"ancient_elements:aether_rod":1,"minecraft:stick":1,"minecraft:coarse_dirt":3,"dedsafio_by_forzaken:deditas":1,"quark:forgotten_hat":1,"dedsafio_by_forzaken:infernal_sword":1,"minecraft:arrow":6,"dedsafio_by_forzaken:taxi":2,"minecraft:bone":2,"minecraft:rotten_flesh":10,"dedsafio_by_forzaken:cuchara":1,"rotted:rotten_brain":2,"minecraft:coal":1,"minecraft:cobblestone":4},"minecraft:dropped":{"dedsafio_by_forzaken:deditas":1,"dedsafio_by_forzaken:cuchara":1},"minecraft:killed_by":{"rotted:flusk":1,"minecraft:spider":1},"minecraft:killed":{"minecraft:zombie":4,"rotted:shielder":1,"rotted:farmer":2,"quark:crab":1,"quark:foxhound":1,"rotted:adventurer":3,"ancient_elements:aetherial_glaze":1,"dedsafio_by_forzaken:taxi_23":2,"rotted:doctor":1,"rotted:marine":1,"quark:forgotten":1},"minecraft:custom":{"minecraft:time_since_rest":29965,"minecraft:sprint_one_cm":9581,"minecraft:damage_taken":510,"minecraft:walk_one_cm":16616,"minecraft:mob_kills":18,"minecraft:drop":2,"minecraft:damage_dealt":3049,"minecraft:fly_one_cm":68672,"minecraft:open_chest":1,"minecraft:crouch_one_cm":3301,"minecraft:play_time":42427,"minecraft:deaths":5,"minecraft:sneak_time":855,"minecraft:jump":123,"minecraft:leave_game":2,"minecraft:time_since_death":29934,"minecraft:total_world_time":42427,"minecraft:fall_one_cm":209},"minecraft:used":{"quark:foxhound_spawn_egg":1,"minecraft:command_block":4,"minecraft:grass_block":56,"dedsafio_by_forzaken:altar_a":2,"minecraft:bedrock":3,"dedsafio_by_forzaken:taxi_23_spawn_egg":1,"dedsafio_by_forzaken:creeper_cake_spawn_egg":1,"minecraft:dirt":46,"quark:crab_spawn_egg":1,"dedsafio_by_forzaken:infernal_sword":32,"quark:forgotten_spawn_egg":1,"dedsafio_by_forzaken:taxi":1}},"DataVersion":3465}